{"cameraMode":{"drawMode":0,"name":"Shaded","section":"Shading Mode"},"sceneLighting":true,"audioPlay":false,"sceneViewState":{"showFog":false,"showMaterialUpdate":false,"showSkybox":true,"showFlares":true,"showImageEffects":true,"showParticleSystems":true},"in2DMode":false,"pivot":{"x":5.508567810058594,"y":-8.091842651367188,"z":35.0333251953125},"rotation":{"x":0.19945424795150758,"y":0.5788115859031677,"z":-0.14865761995315553,"w":0.7765926718711853},"size":131.80213928222657,"orthographic":false}