{"cameraMode":{"drawMode":0,"name":"Shaded","section":"Shading Mode"},"sceneLighting":true,"audioPlay":false,"sceneViewState":{"showFog":false,"showMaterialUpdate":false,"showSkybox":true,"showFlares":true,"showImageEffects":true,"showParticleSystems":true},"in2DMode":false,"pivot":{"x":-3.633721351623535,"y":-62.5548095703125,"z":-114.02325439453125},"rotation":{"x":-0.5096942782402039,"y":-0.013685420155525208,"z":0.008108194917440415,"w":-0.8602085709571838},"size":1010.959716796875,"orthographic":false}