{"cameraMode":{"drawMode":0,"name":"Shaded","section":"Shading Mode"},"sceneLighting":true,"audioPlay":false,"sceneViewState":{"showFog":false,"showMaterialUpdate":false,"showSkybox":true,"showFlares":true,"showImageEffects":true,"showParticleSystems":true},"in2DMode":false,"pivot":{"x":0.1373712420463562,"y":4.936552047729492,"z":-2.723367691040039},"rotation":{"x":0.006844824180006981,"y":0.8942500948905945,"z":-0.4473061263561249,"w":0.013684031553566456},"size":35.47895812988281,"orthographic":false}