{"cameraMode":{"drawMode":0,"name":"Shaded","section":"Shading Mode"},"sceneLighting":false,"audioPlay":false,"sceneViewState":{"showFog":false,"showMaterialUpdate":false,"showSkybox":true,"showFlares":true,"showImageEffects":true,"showParticleSystems":true},"in2DMode":false,"pivot":{"x":128.38519287109376,"y":135.82919311523438,"z":173.8819580078125},"rotation":{"x":-0.015307343564927578,"y":0.014094790443778038,"z":-0.00021575429127551615,"w":-0.999783456325531},"size":1079.3837890625,"orthographic":false}