{"cameraMode":{"drawMode":0,"name":"Shaded","section":"Shading Mode"},"sceneLighting":true,"audioPlay":false,"sceneViewState":{"showFog":false,"showMaterialUpdate":false,"showSkybox":true,"showFlares":true,"showImageEffects":true,"showParticleSystems":true},"in2DMode":false,"pivot":{"x":-11.287071228027344,"y":9.129924774169922,"z":-1.1283721923828126},"rotation":{"x":0.22812964022159577,"y":-0.2842024266719818,"z":0.06981956213712692,"w":0.9286071062088013},"size":84.97187805175781,"orthographic":false}