{"cameraMode":{"drawMode":0,"name":"Shaded","section":"Shading Mode"},"sceneLighting":false,"audioPlay":false,"sceneViewState":{"showFog":false,"showMaterialUpdate":false,"showSkybox":true,"showFlares":true,"showImageEffects":true,"showParticleSystems":true},"in2DMode":false,"pivot":{"x":-1.5631474256515504,"y":-1.3477492332458497,"z":-1.4935084581375123},"rotation":{"x":-0.10369967669248581,"y":0.8633583784103394,"z":-0.1978827565908432,"w":-0.45243915915489199},"size":30.183162689208986,"orthographic":false}