{"cameraMode":{"drawMode":0,"name":"Shaded","section":"Shading Mode"},"sceneLighting":false,"audioPlay":false,"sceneViewState":{"showFog":false,"showMaterialUpdate":false,"showSkybox":true,"showFlares":true,"showImageEffects":true,"showParticleSystems":true},"in2DMode":false,"pivot":{"x":-0.177001953125,"y":0.005126953125,"z":1.2415771484375},"rotation":{"x":0.12321693450212479,"y":-0.7888914346694946,"z":0.1681465208530426,"w":0.5780957937240601},"size":2.2873191833496095,"orthographic":true}