{"cameraMode":{"drawMode":0,"name":"Shaded","section":"Shading Mode"},"sceneLighting":false,"audioPlay":false,"sceneViewState":{"showFog":false,"showMaterialUpdate":false,"showSkybox":true,"showFlares":true,"showImageEffects":true,"showParticleSystems":true},"in2DMode":false,"pivot":{"x":-0.330700159072876,"y":-0.28885960578918459,"z":-0.39957380294799807},"rotation":{"x":0.1784297674894333,"y":-0.008854839019477368,"z":0.0016049158293753863,"w":0.9839115142822266},"size":2.8578836917877199,"orthographic":false}