{"cameraMode":{"drawMode":0,"name":"Shaded","section":"Shading Mode"},"sceneLighting":true,"audioPlay":false,"sceneViewState":{"showFog":false,"showMaterialUpdate":false,"showSkybox":true,"showFlares":true,"showImageEffects":true,"showParticleSystems":true},"in2DMode":false,"pivot":{"x":21.782405853271486,"y":19.115413665771486,"z":14.058364868164063},"rotation":{"x":0.2622098922729492,"y":0.37894269824028017,"z":-0.11287552863359451,"w":0.8802883625030518},"size":109.3940658569336,"orthographic":false}