{"cameraMode":{"drawMode":0,"name":"Shaded","section":"Shading Mode"},"sceneLighting":true,"audioPlay":false,"sceneViewState":{"showFog":false,"showMaterialUpdate":false,"showSkybox":true,"showFlares":true,"showImageEffects":true,"showParticleSystems":true},"in2DMode":false,"pivot":{"x":199.48751831054688,"y":21.575927734375,"z":-98.80020141601563},"rotation":{"x":0.2899194061756134,"y":0.5653129816055298,"z":-0.22154401242733003,"w":0.7397879362106323},"size":895.8532104492188,"orthographic":false}