{"cameraMode":{"drawMode":0,"name":"Shaded","section":"Shading Mode"},"sceneLighting":true,"audioPlay":false,"sceneViewState":{"showFog":false,"showMaterialUpdate":false,"showSkybox":true,"showFlares":true,"showImageEffects":true,"showParticleSystems":true},"in2DMode":false,"pivot":{"x":21.73215675354004,"y":-326.1761474609375,"z":47.71881103515625},"rotation":{"x":-0.4452023208141327,"y":-0.003499335143715143,"z":0.0017391539877280594,"w":-0.8954215049743652},"size":1517.677978515625,"orthographic":false}