{"cameraMode":{"drawMode":0,"name":"Shaded","section":"Shading Mode"},"sceneLighting":true,"audioPlay":false,"sceneViewState":{"showFog":false,"showMaterialUpdate":false,"showSkybox":true,"showFlares":true,"showImageEffects":true,"showParticleSystems":true},"in2DMode":false,"pivot":{"x":-66.22674560546875,"y":164.97259521484376,"z":-56.58062744140625},"rotation":{"x":0.4312247931957245,"y":0.5565868020057678,"z":-0.41821813583374026,"w":0.5738900899887085},"size":887.1195678710938,"orthographic":false}