{"cameraMode":{"drawMode":0,"name":"Shaded","section":"Shading Mode"},"sceneLighting":true,"audioPlay":false,"sceneViewState":{"showFog":false,"showMaterialUpdate":false,"showSkybox":true,"showFlares":true,"showImageEffects":true,"showParticleSystems":true},"in2DMode":false,"pivot":{"x":2.2983336448669435,"y":210.1795196533203,"z":158.40481567382813},"rotation":{"x":0.2899194061756134,"y":0.5653129816055298,"z":-0.22154401242733003,"w":0.7397879362106323},"size":265.11248779296877,"orthographic":false}