{"cameraMode":{"drawMode":0,"name":"Shaded","section":"Shading Mode"},"sceneLighting":true,"audioPlay":false,"sceneViewState":{"showFog":false,"showMaterialUpdate":false,"showSkybox":true,"showFlares":true,"showImageEffects":true,"showParticleSystems":true},"in2DMode":false,"pivot":{"x":33.33164978027344,"y":-265.048095703125,"z":69.543212890625},"rotation":{"x":-0.5096942782402039,"y":-0.013685420155525208,"z":0.008108194917440415,"w":-0.8602085709571838},"size":1517.677978515625,"orthographic":false}