{"cameraMode":{"drawMode":0,"name":"Shaded","section":"Shading Mode"},"sceneLighting":false,"audioPlay":false,"sceneViewState":{"showFog":false,"showMaterialUpdate":false,"showSkybox":true,"showFlares":true,"showImageEffects":true,"showParticleSystems":true},"in2DMode":false,"pivot":{"x":-0.330700159072876,"y":-0.28885960578918459,"z":-0.39957380294799807},"rotation":{"x":0.40422800183296206,"y":-0.0315457321703434,"z":0.013950479216873646,"w":0.9140076637268066},"size":2.8578836917877199,"orthographic":false}