{"cameraMode":{"drawMode":0,"name":"Shaded","section":"Shading Mode"},"sceneLighting":true,"audioPlay":false,"sceneViewState":{"showFog":false,"showMaterialUpdate":false,"showSkybox":true,"showFlares":true,"showImageEffects":true,"showParticleSystems":true},"in2DMode":false,"pivot":{"x":314.9000244140625,"y":204.6771240234375,"z":-52.100807189941409},"rotation":{"x":0.2899194061756134,"y":0.5653129816055298,"z":-0.2215440273284912,"w":0.7397879958152771},"size":1729.4384765625,"orthographic":false}